{"stat.drop.minecraft.stone_pickaxe":1,"stat.leaveGame":3,"stat.mineBlock.byg.winter_succulent":4,"stat.pickup.minecraft.stone_pickaxe":4,"stat.mineBlock.byg.magentatulip":1,"stat.mineBlock.byg.salal_bush":1,"stat.killEntity.mutantbeasts.mutant_skeleton":1,"stat.craftItem.minecraft.wool":4,"stat.swimOneCm":32232,"stat.pickup.byg.magentatulip":1,"stat.pickup.minecraft.cooked_porkchop":4,"stat.pickup.minecraft.porkchop":23,"stat.pickup.minecraft.glass":10,"stat.entityKilledBy.mutantbeasts.mutant_zombie":1,"stat.useItem.minecraft.dirt":9,"stat.useItem.minecraft.stone_slab2":17,"stat.pickup.minecraft.iron_boots":1,"stat.pickup.minecraft.rotten_flesh":18,"stat.pickup.minecraft.sand":33,"stat.craftItem.minecraft.furnace":2,"stat.useItem.minecraft.egg":2,"stat.craftItem.minecraft.stone_axe":2,"stat.craftItem.minecraft.iron_boots":1,"stat.pickup.iceandfire.troll_leather_forest":5,"stat.craftItem.minecraft.stone_pickaxe":6,"stat.craftItem.minecraft.cooked_beef":4,"stat.pickup.minecraft.cobblestone":374,"stat.pickup.byg.salal_berry":24,"stat.craftItem.minecraft.stone_sword":1,"stat.flyOneCm":333382,"stat.craftItem.minecraft.glass_bottle":3,"stat.entityKilledBy.firedragon":5,"stat.mineBlock.minecraft.sand":36,"stat.drop.minecraft.wheat_seeds":1,"stat.useItem.minecraft.cooked_beef":4,"stat.mineBlock.minecraft.iron_ore":36,"stat.timeSinceDeath":15388,"stat.craftItem.tombstone.scroll_buff":1,"stat.craftItem.minecraft.wooden_pickaxe":1,"stat.pickup.minecraft.mutton":58,"stat.craftItem.minecraft.bed":1,"stat.pickup.minecraft.stonebrick":5,"stat.furnaceInteraction":44,"stat.drop.minecraft.gravel":4,"stat.mineBlock.botania.flower":1,"stat.craftItem.spartanweaponry.material":1,"stat.useItem.minecraft.cooked_porkchop":3,"stat.killEntity.ZombieVillager":3,"stat.pickup.iceandfire.dragon_skull":1,"stat.mineBlock.minecraft.coal_ore":110,"stat.pickup.minecraft.shield":2,"stat.pickup.minecraft.string":12,"stat.pickup.minecraft.beef":10,"stat.pickup.minecraft.furnace":6,"stat.useItem.minecraft.cooked_mutton":14,"stat.pickup.tombstone.crafting_ingredient":8,"stat.craftItem.travelersbackpack.travelers_backpack":2,"stat.sprintOneCm":169712,"stat.craftItem.minecraft.stick":24,"stat.entityKilledBy.mutantbeasts.mutant_skeleton":1,"stat.mineBlock.minecraft.crafting_table":10,"stat.useItem.spartanweaponry.halberd_iron":171,"stat.pickup.byg.salal_bush":1,"stat.pickup.botania.flower":2,"stat.deaths":12,"stat.mineBlock.iceandfire.chared_gravel":2,"stat.drop":20,"stat.pickup.minecraft.egg":3,"stat.craftItem.minecraft.melon_seeds":2,"stat.playOneMinute":145246,"stat.killEntity.Sheep":37,"stat.drop.tombstone.grave_key":1,"stat.drop.byg.hollylog":2,"stat.pickup.tombstone.lollypop":2,"stat.drop.minecraft.iron_boots":1,"stat.killEntity.Zombie":24,"stat.craftItem.minecraft.dye":18,"stat.pickup.iceandfire.chared_dirt":5,"stat.mineBlock.minecraft.tallgrass":23,"stat.craftItem.minecraft.cooked_mutton":21,"stat.diveOneCm":18887,"stat.chestOpened":4,"stat.mineBlock.botania.doubleflower2":1,"stat.drop.minecraft.wooden_pickaxe":1,"stat.pickup.minecraft.gravel":4,"stat.pickup.minecraft.arrow":1,"stat.craftItem.minecraft.cooked_porkchop":10,"stat.pickup.minecraft.stone_axe":1,"stat.pickup.minecraft.gold_nugget":46,"stat.useItem.byg.salal_berry":24,"stat.craftItem.travelersbackpack.backpack_tank":4,"stat.jump":2571,"stat.useItem.minecraft.sand":1,"stat.pickup.minecraft.coal":189,"stat.fallOneCm":70130,"stat.pickup.minecraft.iron_ingot":2,"stat.useItem.minecraft.stone_axe":94,"stat.pickup.iceandfire.chared_gravel":2,"stat.crouchOneCm":439,"stat.pickup.iceandfire.chared_stone":2,"stat.useItem.iceandfire.chared_gravel":1,"stat.pickup.minecraft.spider_eye":6,"stat.craftItem.minecraft.chest":2,"stat.craftItem.minecraft.iron_ingot":30,"stat.pickup.minecraft.dirt":38,"stat.craftItem.minecraft.iron_helmet":1,"stat.pickup.minecraft.melon":12,"stat.craftingTableInteraction":51,"stat.pickup.minecraft.iron_ore":36,"stat.drop.iceandfire.chared_stone":1,"stat.pickup.iceandfire.fire_dragon_heart":1,"stat.pickup.byg.winter_succulent":8,"stat.mineBlock.minecraft.log2":14,"stat.damageTaken":5424,"stat.pickup.minecraft.leather":9,"stat.pickup.minecraft.feather":3,"stat.mineBlock.minecraft.red_flower":20,"stat.mineBlock.minecraft.melon_block":2,"stat.mineBlock.minecraft.furnace":7,"stat.mineBlock.minecraft.torch":6,"stat.useItem.minecraft.wooden_pickaxe":3,"stat.useItem.minecraft.furnace":1,"stat.pickup.iceandfire.dragonscales_red":16,"stat.mineBlock.minecraft.sapling":1,"stat.pickup.minecraft.log2":14,"stat.killEntity.CaveSpider":4,"stat.killEntity.hippogryph":1,"stat.useItem.tombstone.grave_key":2,"stat.pickup.minecraft.wheat_seeds":10,"stat.useItem.minecraft.stone_pickaxe":558,"stat.craftItem.minecraft.iron_leggings":1,"stat.useItem.minecraft.stone_sword":86,"stat.damageDealt":15629,"stat.craftItem.minecraft.glass":32,"stat.killEntity.Cow":3,"stat.mineBlock.minecraft.dirt":10,"stat.useItem.minecraft.crafting_table":1,"stat.killEntity.Pig":8,"stat.mineBlock.iceandfire.chared_dirt":4,"stat.walkOneCm":426579,"stat.useItem.minecraft.torch":4,"stat.drop.minecraft.rotten_flesh":2,"stat.pickup.minecraft.crafting_table":9,"stat.useItem.minecraft.cobblestone":25,"stat.craftItem.minecraft.crafting_table":2,"stat.mineBlock.minecraft.double_plant":1,"stat.pickup.byg.hollylog":2,"stat.pickup.minecraft.log":19,"stat.useItem.minecraft.melon":10,"stat.drop.iceandfire.chared_dirt":1,"stat.craftItem.minecraft.gold_ingot":5,"stat.pickup.minecraft.stone":1,"stat.craftItem.minecraft.iron_chestplate":1,"stat.pickup.minecraft.chicken":3,"stat.killEntity.if_troll":1,"stat.mineBlock.byg.salal_bush_ripe":14,"stat.drop.minecraft.gold_nugget":1,"stat.pickup.minecraft.sapling":6,"stat.drop.minecraft.egg":1,"stat.craftItem.travelersbackpack.sleeping_bag_bottom":2,"stat.mineBlock.iceandfire.goldpile":10,"stat.mineBlock.minecraft.stonebrick":6,"stat.craftItem.minecraft.planks":84,"stat.killEntity.Chicken":5,"stat.killEntity.Spider":9,"stat.pickup.minecraft.stone_sword":1,"stat.mobKills":96,"stat.mineBlock.minecraft.log":11,"stat.pickup.iceandfire.dragonbone":13,"stat.craftItem.spartanweaponry.halberd_iron":1,"stat.pickup.minecraft.torch":6,"stat.pickup.minecraft.red_flower":18,"stat.pickup.byg.crocus":2,"stat.pickup.mutantbeasts.mutant_skeleton_limb":2,"stat.sneakTime":64,"stat.pickup.minecraft.wool":42,"stat.drop.minecraft.stone_axe":1,"stat.killEntity.firedragon":1,"stat.drop.minecraft.arrow":1,"stat.drop.mutantbeasts.mutant_skeleton_limb":1,"stat.mineBlock.minecraft.stone":379}