{"stat.drop.minecraft.stone_pickaxe":1,"stat.mineBlock.byg.redcornflower":3,"stat.leaveGame":3,"stat.mineBlock.byg.winter_succulent":4,"stat.pickup.minecraft.stone_pickaxe":4,"stat.mineBlock.byg.magentatulip":1,"stat.mineBlock.byg.salal_bush":1,"stat.killEntity.mutantbeasts.mutant_skeleton":1,"stat.craftItem.minecraft.wool":4,"stat.drop.iceandfire.rotten_egg":1,"stat.useItem.minecraft.mutton":5,"stat.swimOneCm":47405,"stat.pickup.byg.magentatulip":1,"stat.pickup.minecraft.cooked_porkchop":4,"stat.mineBlock.byg.spruceleavesred":3,"stat.pickup.minecraft.porkchop":31,"stat.mineBlock.byg.spruceleavesyellow":2,"stat.pickup.minecraft.glass":10,"stat.entityKilledBy.mutantbeasts.mutant_zombie":2,"stat.useItem.minecraft.dirt":11,"stat.useItem.minecraft.stone_slab2":29,"stat.pickup.minecraft.iron_boots":1,"stat.pickup.minecraft.rotten_flesh":32,"stat.pickup.minecraft.sand":33,"stat.craftItem.minecraft.furnace":2,"stat.useItem.minecraft.egg":22,"stat.craftItem.minecraft.stone_axe":2,"stat.craftItem.minecraft.iron_boots":1,"stat.pickup.iceandfire.troll_leather_forest":5,"stat.craftItem.minecraft.stone_pickaxe":6,"stat.craftItem.minecraft.cooked_beef":4,"stat.pickup.minecraft.cobblestone":374,"stat.pickup.byg.salal_berry":56,"stat.craftItem.minecraft.stone_sword":1,"stat.flyOneCm":663099,"stat.craftItem.minecraft.glass_bottle":3,"stat.entityKilledBy.firedragon":5,"stat.mineBlock.minecraft.sand":36,"stat.pickup.iceandfire.ash":1,"stat.drop.minecraft.wheat_seeds":11,"stat.useItem.minecraft.cooked_beef":4,"stat.craftItem.minecraft.wooden_hoe":1,"stat.mineBlock.minecraft.iron_ore":36,"stat.timeSinceDeath":7724,"stat.craftItem.tombstone.scroll_buff":2,"stat.craftItem.minecraft.wooden_pickaxe":1,"stat.pickup.minecraft.mutton":63,"stat.craftItem.minecraft.bed":2,"stat.pickup.minecraft.stonebrick":5,"stat.furnaceInteraction":44,"stat.drop.minecraft.gravel":4,"stat.pickup.byg.rose":1,"stat.drop.minecraft.dirt":4,"stat.mineBlock.botania.flower":3,"stat.craftItem.spartanweaponry.material":1,"stat.useItem.minecraft.cooked_porkchop":3,"stat.craftItem.tombstone.crafting_ingredient":1,"stat.killEntity.ZombieVillager":3,"stat.pickup.iceandfire.dragon_skull":1,"stat.pickup.iceandfire.rotten_egg":1,"stat.mineBlock.minecraft.coal_ore":110,"stat.drop.minecraft.wool":1,"stat.pickup.minecraft.shield":2,"stat.drop.minecraft.red_flower":1,"stat.pickup.minecraft.string":12,"stat.pickup.minecraft.beef":13,"stat.pickup.minecraft.furnace":6,"stat.useItem.minecraft.cooked_mutton":14,"stat.pickup.tombstone.crafting_ingredient":19,"stat.entityKilledBy.Skeleton":2,"stat.craftItem.travelersbackpack.travelers_backpack":2,"stat.sprintOneCm":354838,"stat.craftItem.minecraft.stick":36,"stat.craftItem.minecraft.wooden_axe":2,"stat.entityKilledBy.mutantbeasts.mutant_skeleton":1,"stat.useItem.minecraft.wheat_seeds":30,"stat.mineBlock.minecraft.crafting_table":12,"stat.useItem.spartanweaponry.halberd_iron":171,"stat.pickup.byg.salal_bush":1,"stat.pickup.botania.flower":5,"stat.deaths":18,"stat.mineBlock.minecraft.planks":4,"stat.mineBlock.iceandfire.chared_gravel":2,"stat.drop":55,"stat.pickup.minecraft.egg":26,"stat.craftItem.minecraft.melon_seeds":2,"stat.playOneMinute":206446,"stat.killEntity.Sheep":41,"stat.drop.tombstone.grave_key":1,"stat.pickup.tombstone.grave_key":1,"stat.drop.byg.hollylog":2,"stat.pickup.tombstone.lollypop":2,"stat.drop.minecraft.iron_boots":1,"stat.killEntity.Zombie":26,"stat.craftItem.minecraft.dye":18,"stat.pickup.iceandfire.chared_dirt":5,"stat.mineBlock.minecraft.tallgrass":74,"stat.craftItem.minecraft.cooked_mutton":21,"stat.diveOneCm":34477,"stat.pickup.minecraft.wheat":27,"stat.chestOpened":8,"stat.pickup.byg.redcornflower":3,"stat.mineBlock.botania.doubleflower2":1,"stat.drop.minecraft.wooden_pickaxe":1,"stat.pickup.minecraft.gravel":4,"stat.pickup.minecraft.arrow":1,"stat.craftItem.minecraft.cooked_porkchop":10,"stat.useItem.minecraft.chicken":2,"stat.pickup.minecraft.stone_axe":1,"stat.useItem.minecraft.porkchop":2,"stat.pickup.minecraft.gold_nugget":46,"stat.useItem.byg.salal_berry":49,"stat.craftItem.travelersbackpack.backpack_tank":4,"stat.jump":4554,"stat.useItem.minecraft.sand":1,"stat.useItem.minecraft.wooden_hoe":5,"stat.pickup.minecraft.coal":189,"stat.fallOneCm":120952,"stat.pickup.minecraft.iron_ingot":3,"stat.pickup.minecraft.carrot":1,"stat.useItem.minecraft.stone_axe":94,"stat.pickup.iceandfire.chared_gravel":2,"stat.craftItem.minecraft.bread":9,"stat.crouchOneCm":545,"stat.pickup.iceandfire.chared_stone":2,"stat.useItem.iceandfire.chared_gravel":1,"stat.pickup.minecraft.spider_eye":6,"stat.craftItem.minecraft.chest":2,"stat.craftItem.minecraft.iron_ingot":30,"stat.pickup.minecraft.dirt":45,"stat.craftItem.minecraft.iron_helmet":1,"stat.pickup.minecraft.melon":12,"stat.craftingTableInteraction":66,"stat.pickup.minecraft.iron_ore":36,"stat.drop.iceandfire.chared_stone":1,"stat.pickup.iceandfire.fire_dragon_heart":1,"stat.pickup.byg.winter_succulent":8,"stat.mineBlock.minecraft.log2":14,"stat.damageTaken":7484,"stat.pickup.minecraft.leather":11,"stat.pickup.minecraft.feather":6,"stat.mineBlock.minecraft.red_flower":21,"stat.mineBlock.minecraft.melon_block":2,"stat.mineBlock.minecraft.furnace":7,"stat.mineBlock.minecraft.torch":6,"stat.useItem.minecraft.wooden_pickaxe":3,"stat.useItem.minecraft.furnace":1,"stat.useItem.minecraft.reeds":1,"stat.pickup.iceandfire.dragonscales_red":16,"stat.mineBlock.minecraft.sapling":1,"stat.pickup.minecraft.log2":14,"stat.pickup.minecraft.planks":5,"stat.pickup.minecraft.reeds":14,"stat.killEntity.CaveSpider":4,"stat.pickup.minecraft.bed":1,"stat.killEntity.hippogryph":1,"stat.useItem.tombstone.grave_key":2,"stat.pickup.minecraft.wheat_seeds":74,"stat.entityKilledBy.Zombie":2,"stat.useItem.minecraft.stone_pickaxe":558,"stat.craftItem.minecraft.iron_leggings":1,"stat.useItem.minecraft.stone_sword":86,"stat.damageDealt":17433,"stat.craftItem.minecraft.glass":32,"stat.killEntity.Rabbit":1,"stat.sleepInBed":2,"stat.killEntity.Cow":3,"stat.mineBlock.minecraft.dirt":16,"stat.useItem.minecraft.crafting_table":1,"stat.killEntity.Pig":11,"stat.mineBlock.iceandfire.chared_dirt":4,"stat.walkOneCm":684808,"stat.useItem.minecraft.torch":4,"stat.useItem.minecraft.bread":9,"stat.drop.botania.flower":1,"stat.drop.minecraft.rotten_flesh":16,"stat.pickup.minecraft.crafting_table":11,"stat.useItem.minecraft.cobblestone":25,"stat.craftItem.minecraft.crafting_table":4,"stat.mineBlock.minecraft.double_plant":4,"stat.pickup.byg.hollylog":2,"stat.pickup.minecraft.log":33,"stat.useItem.minecraft.melon":10,"stat.drop.iceandfire.chared_dirt":1,"stat.craftItem.minecraft.gold_ingot":5,"stat.pickup.minecraft.stone":1,"stat.craftItem.minecraft.iron_chestplate":1,"stat.pickup.minecraft.chicken":5,"stat.killEntity.if_troll":1,"stat.mineBlock.byg.salal_bush_ripe":31,"stat.drop.minecraft.gold_nugget":1,"stat.pickup.minecraft.sapling":7,"stat.drop.minecraft.egg":2,"stat.craftItem.travelersbackpack.sleeping_bag_bottom":2,"stat.mineBlock.iceandfire.goldpile":10,"stat.mineBlock.minecraft.stonebrick":6,"stat.craftItem.minecraft.planks":116,"stat.drop.iceandfire.ash":1,"stat.killEntity.Chicken":7,"stat.drop.minecraft.crafting_table":1,"stat.killEntity.Spider":9,"stat.pickup.minecraft.stone_sword":1,"stat.mobKills":108,"stat.mineBlock.minecraft.log":20,"stat.pickup.iceandfire.dragonbone":13,"stat.craftItem.spartanweaponry.halberd_iron":1,"stat.craftItem.minecraft.paper":3,"stat.pickup.minecraft.torch":6,"stat.pickup.minecraft.red_flower":19,"stat.pickup.byg.crocus":2,"stat.pickup.mutantbeasts.mutant_skeleton_limb":2,"stat.sneakTime":98,"stat.pickup.minecraft.wool":46,"stat.drop.minecraft.stone_axe":1,"stat.killEntity.firedragon":1,"stat.drop.minecraft.arrow":1,"stat.useItem.minecraft.wooden_axe":91,"stat.drop.mutantbeasts.mutant_skeleton_limb":1,"stat.mineBlock.minecraft.stone":379}