{"stat.pickup.minecraft.bone":7,"stat.mineBlock.iceandfire.chared_grass":1,"stat.useItem.minecraft.iron_axe":173,"stat.leaveGame":1,"stat.mineBlock.minecraft.cobblestone":6,"stat.mineBlock.iceandfire.chared_stone":2,"stat.craftItem.minecraft.iron_axe":1,"stat.pickup.mutantbeasts.mutant_skeleton_pelvis":1,"stat.craftItem.minecraft.wool":2,"stat.drop.minecraft.shield":1,"stat.useItem.minecraft.mutton":24,"stat.swimOneCm":72962,"stat.craftItem.minecraft.shield":1,"stat.climbOneCm":1287,"stat.drop.minecraft.feather":2,"stat.mineBlock.byg.spruceleavesred":4,"stat.pickup.minecraft.porkchop":12,"stat.mineBlock.byg.spruceleavesyellow":3,"stat.entityKilledBy.mutantbeasts.mutant_zombie":1,"stat.useItem.minecraft.dirt":45,"stat.useItem.minecraft.stone_slab2":38,"stat.pickup.minecraft.iron_boots":2,"stat.pickup.minecraft.rotten_flesh":26,"stat.pickup.minecraft.sand":15,"stat.craftItem.minecraft.furnace":1,"stat.pickup.byg.azalea":1,"stat.useItem.minecraft.egg":10,"stat.craftItem.minecraft.stone_axe":1,"stat.craftItem.minecraft.iron_boots":1,"stat.mineBlock.byg.yellowtulip":1,"stat.pickup.iceandfire.troll_leather_forest":17,"stat.pickup.iceandfire.chared_cobblestone":12,"stat.craftItem.minecraft.stone_pickaxe":1,"stat.craftItem.minecraft.cooked_beef":18,"stat.killEntity.Enderman":1,"stat.pickup.minecraft.cobblestone":144,"stat.pickup.mutantbeasts.mutant_skeleton_rib":5,"stat.flyOneCm":947868,"stat.entityKilledBy.firedragon":1,"stat.pickup.minecraft.brown_mushroom":1,"stat.mineBlock.minecraft.sand":16,"stat.useItem.iceandfire.chared_stone":1,"stat.drop.minecraft.wheat_seeds":4,"stat.useItem.minecraft.cooked_beef":16,"stat.pickup.minecraft.redstone":6,"stat.mineBlock.minecraft.iron_ore":60,"stat.timeSinceDeath":13036,"stat.craftItem.iceandfire.silver_ingot":2,"stat.useItem.minecraft.iron_pickaxe":190,"stat.craftItem.minecraft.wooden_pickaxe":1,"stat.pickup.minecraft.mutton":86,"stat.mineBlock.byg.overgrown_stone":7,"stat.pickup.travelersbackpack.travelers_backpack":3,"stat.drop.iceandfire.troll_leather_forest":5,"stat.mineBlock.minecraft.vine":2,"stat.useItem.tombstone.lollypop":3,"stat.pickup.minecraft.stonebrick":5,"stat.furnaceInteraction":81,"stat.pickup.byg.rose":1,"stat.useItem.minecraft.cooked_porkchop":3,"stat.craftItem.spartanweaponry.material":4,"stat.pickup.iceandfire.dragon_skull":1,"stat.mineBlock.minecraft.coal_ore":27,"stat.mineBlock.byg.rose":1,"stat.killEntity.Creeper":1,"stat.pickup.minecraft.string":7,"stat.pickup.iceandfire.manuscript":3,"stat.pickup.minecraft.beef":60,"stat.pickup.minecraft.furnace":12,"stat.useItem.minecraft.cooked_mutton":15,"stat.pickup.tombstone.crafting_ingredient":21,"stat.entityKilledBy.Skeleton":1,"stat.craftItem.minecraft.stone_slab2":0,"stat.craftItem.travelersbackpack.travelers_backpack":1,"stat.killEntity.mutantbeasts.mutant_zombie":1,"stat.sprintOneCm":724939,"stat.drop.minecraft.leather":1,"stat.craftItem.minecraft.stick":16,"stat.craftItem.minecraft.wooden_axe":1,"stat.entityKilledBy.mutantbeasts.mutant_skeleton":1,"stat.mineBlock.minecraft.diamond_ore":1,"stat.mineBlock.minecraft.crafting_table":7,"stat.useItem.iceandfire.chared_dirt":2,"stat.useItem.spartanweaponry.halberd_iron":126,"stat.pickup.spartanweaponry.halberd_iron":1,"stat.entityKilledBy.Creeper":1,"stat.useItem.minecraft.beef":22,"stat.mineBlock.minecraft.planks":4,"stat.deaths":8,"stat.mineBlock.iceandfire.chared_gravel":6,"stat.drop":17,"stat.pickup.minecraft.egg":10,"stat.killEntity.cyclops":1,"stat.playOneMinute":203536,"stat.killEntity.Sheep":37,"stat.pickup.tombstone.grave_key":1,"stat.useItem.iceandfire.chared_cobblestone":1,"stat.craftItem.minecraft.iron_pickaxe":1,"stat.pickup.tombstone.lollypop":3,"stat.drop.minecraft.iron_boots":2,"stat.killEntity.Zombie":16,"stat.craftItem.minecraft.dye":2,"stat.drop.minecraft.iron_ingot":1,"stat.pickup.iceandfire.chared_dirt":13,"stat.mineBlock.minecraft.gold_ore":1,"stat.mineBlock.minecraft.tallgrass":129,"stat.craftItem.minecraft.cooked_mutton":48,"stat.diveOneCm":39146,"stat.pickup.minecraft.cooked_mutton":2,"stat.chestOpened":11,"stat.pickup.minecraft.arrow":5,"stat.useItem.minecraft.chicken":8,"stat.useItem.iceandfire.silver_sword":6,"stat.useItem.minecraft.porkchop":12,"stat.pickup.minecraft.gold_nugget":375,"stat.useItem.minecraft.rotten_flesh":15,"stat.craftItem.travelersbackpack.backpack_tank":2,"stat.jump":5285,"stat.pickup.minecraft.coal":59,"stat.fallOneCm":147976,"stat.pickup.minecraft.iron_ingot":10,"stat.pickup.mutantbeasts.mutant_skeleton_shoulder_pad":2,"stat.pickup.mutantbeasts.mutant_skeleton_skull":1,"stat.useItem.minecraft.stone_axe":45,"stat.pickup.iceandfire.chared_gravel":6,"stat.pickup.minecraft.gunpowder":6,"stat.crouchOneCm":2512,"stat.pickup.iceandfire.chared_stone":2,"stat.pickup.minecraft.spider_eye":3,"stat.craftItem.minecraft.iron_ingot":50,"stat.craftItem.minecraft.chest":1,"stat.craftItem.minecraft.iron_helmet":1,"stat.pickup.minecraft.dirt":43,"stat.pickup.minecraft.melon":12,"stat.craftingTableInteraction":29,"stat.pickup.minecraft.iron_ore":58,"stat.pickup.iceandfire.silver_ore":2,"stat.pickup.minecraft.gold_ore":1,"stat.damageTaken":4861,"stat.pickup.minecraft.leather":35,"stat.pickup.minecraft.feather":24,"stat.mineBlock.minecraft.furnace":11,"stat.mineBlock.minecraft.red_flower":2,"stat.mineBlock.minecraft.melon_block":2,"stat.useItem.minecraft.wooden_pickaxe":16,"stat.useItem.minecraft.furnace":3,"stat.mineBlock.iceandfire.chared_cobblestone":12,"stat.pickup.iceandfire.dragonscales_red":8,"stat.pickup.minecraft.planks":4,"stat.killEntity.hippogryph":2,"stat.useItem.tombstone.grave_key":1,"stat.pickup.minecraft.wheat_seeds":24,"stat.pickup.minecraft.rabbit_hide":1,"stat.pickup.byg.angelica":1,"stat.useItem.minecraft.stone_pickaxe":34,"stat.pickup.iceandfire.cyclops_eye":1,"stat.craftItem.minecraft.iron_leggings":1,"stat.damageDealt":15116,"stat.craftItem.minecraft.glass":15,"stat.pickup.iceandfire.chared_grass":1,"stat.killEntity.Rabbit":1,"stat.useItem.minecraft.wool":3,"stat.killEntity.Cow":16,"stat.mineBlock.minecraft.dirt":35,"stat.useItem.minecraft.crafting_table":3,"stat.killEntity.Pig":7,"stat.mineBlock.iceandfire.chared_dirt":13,"stat.walkOneCm":359262,"stat.pickup.minecraft.stick":8,"stat.mineBlock.iceandfire.silver_ore":2,"stat.pickup.minecraft.crafting_table":8,"stat.useItem.minecraft.cobblestone":43,"stat.craftItem.minecraft.crafting_table":1,"stat.mineBlock.minecraft.double_plant":1,"stat.pickup.minecraft.log":26,"stat.useItem.minecraft.melon":12,"stat.drop.byg.crocus":1,"stat.craftItem.minecraft.gold_ingot":1,"stat.pickup.minecraft.stone":3,"stat.craftItem.minecraft.iron_chestplate":1,"stat.mineBlock.byg.zelkovaleaves":2,"stat.pickup.minecraft.chicken":14,"stat.pickup.minecraft.sapling":4,"stat.pickup.minecraft.ender_pearl":1,"stat.pickup.minecraft.cooked_beef":3,"stat.pickup.mutantbeasts.hulk_hammer":1,"stat.killEntity.Skeleton":2,"stat.craftItem.travelersbackpack.sleeping_bag_bottom":1,"stat.craftItem.spartanshields.shield_tower_wood":1,"stat.mineBlock.iceandfire.goldpile":71,"stat.mineBlock.minecraft.stonebrick":4,"stat.craftItem.minecraft.planks":44,"stat.killEntity.Chicken":9,"stat.killEntity.Spider":2,"stat.mobKills":112,"stat.useItem.minecraft.stonebrick":3,"stat.mineBlock.minecraft.log":24,"stat.pickup.minecraft.diamond":1,"stat.mineBlock.minecraft.leaves":45,"stat.pickup.minecraft.red_flower":3,"stat.pickup.mutantbeasts.mutant_skeleton_limb":7,"stat.pickup.byg.crocus":1,"stat.mineBlock.minecraft.redstone_ore":1,"stat.sneakTime":1442,"stat.pickup.minecraft.wool":53,"stat.useItem.minecraft.wooden_axe":3,"stat.mineBlock.minecraft.stone":66,"stat.craftItem.spartanshields.shield_tower_iron":1}