{"stat.pickup.minecraft.bone":5,"stat.mineBlock.iceandfire.chared_grass":1,"stat.useItem.minecraft.iron_axe":169,"stat.leaveGame":1,"stat.mineBlock.minecraft.cobblestone":6,"stat.mineBlock.iceandfire.chared_stone":2,"stat.craftItem.minecraft.iron_axe":1,"stat.pickup.mutantbeasts.mutant_skeleton_pelvis":1,"stat.craftItem.minecraft.wool":2,"stat.drop.minecraft.shield":1,"stat.useItem.minecraft.mutton":17,"stat.swimOneCm":58375,"stat.craftItem.minecraft.shield":1,"stat.mineBlock.byg.spruceleavesred":1,"stat.pickup.minecraft.porkchop":12,"stat.mineBlock.byg.spruceleavesyellow":3,"stat.entityKilledBy.mutantbeasts.mutant_zombie":1,"stat.useItem.minecraft.dirt":30,"stat.useItem.minecraft.stone_slab2":30,"stat.pickup.minecraft.iron_boots":2,"stat.pickup.minecraft.rotten_flesh":23,"stat.pickup.minecraft.sand":15,"stat.craftItem.minecraft.furnace":1,"stat.pickup.byg.azalea":1,"stat.useItem.minecraft.egg":7,"stat.craftItem.minecraft.stone_axe":1,"stat.craftItem.minecraft.iron_boots":1,"stat.mineBlock.byg.yellowtulip":1,"stat.pickup.iceandfire.troll_leather_forest":17,"stat.pickup.iceandfire.chared_cobblestone":12,"stat.craftItem.minecraft.stone_pickaxe":1,"stat.craftItem.minecraft.cooked_beef":8,"stat.pickup.minecraft.cobblestone":144,"stat.pickup.mutantbeasts.mutant_skeleton_rib":5,"stat.flyOneCm":728116,"stat.entityKilledBy.firedragon":1,"stat.pickup.minecraft.brown_mushroom":1,"stat.mineBlock.minecraft.sand":16,"stat.useItem.iceandfire.chared_stone":1,"stat.useItem.minecraft.cooked_beef":11,"stat.pickup.minecraft.redstone":5,"stat.mineBlock.minecraft.iron_ore":60,"stat.timeSinceDeath":25738,"stat.craftItem.iceandfire.silver_ingot":2,"stat.useItem.minecraft.iron_pickaxe":189,"stat.craftItem.minecraft.wooden_pickaxe":1,"stat.pickup.minecraft.mutton":54,"stat.mineBlock.byg.overgrown_stone":7,"stat.pickup.travelersbackpack.travelers_backpack":2,"stat.drop.iceandfire.troll_leather_forest":5,"stat.mineBlock.minecraft.vine":2,"stat.useItem.tombstone.lollypop":3,"stat.pickup.minecraft.stonebrick":5,"stat.furnaceInteraction":71,"stat.pickup.byg.rose":1,"stat.useItem.minecraft.cooked_porkchop":3,"stat.craftItem.spartanweaponry.material":4,"stat.pickup.iceandfire.dragon_skull":1,"stat.mineBlock.minecraft.coal_ore":27,"stat.mineBlock.byg.rose":1,"stat.killEntity.Creeper":1,"stat.pickup.minecraft.string":5,"stat.pickup.iceandfire.manuscript":3,"stat.pickup.minecraft.beef":57,"stat.pickup.minecraft.furnace":11,"stat.useItem.minecraft.cooked_mutton":6,"stat.pickup.tombstone.crafting_ingredient":19,"stat.entityKilledBy.Skeleton":1,"stat.craftItem.minecraft.stone_slab2":0,"stat.craftItem.travelersbackpack.travelers_backpack":1,"stat.killEntity.mutantbeasts.mutant_zombie":1,"stat.sprintOneCm":555530,"stat.craftItem.minecraft.stick":16,"stat.craftItem.minecraft.wooden_axe":1,"stat.entityKilledBy.mutantbeasts.mutant_skeleton":1,"stat.mineBlock.minecraft.diamond_ore":1,"stat.mineBlock.minecraft.crafting_table":7,"stat.useItem.iceandfire.chared_dirt":2,"stat.useItem.spartanweaponry.halberd_iron":43,"stat.pickup.spartanweaponry.halberd_iron":1,"stat.useItem.minecraft.beef":19,"stat.mineBlock.minecraft.planks":1,"stat.deaths":7,"stat.mineBlock.iceandfire.chared_gravel":6,"stat.drop":9,"stat.pickup.minecraft.egg":7,"stat.playOneMinute":154936,"stat.killEntity.Sheep":32,"stat.pickup.tombstone.grave_key":1,"stat.craftItem.minecraft.iron_pickaxe":1,"stat.pickup.tombstone.lollypop":3,"stat.drop.minecraft.iron_boots":2,"stat.killEntity.Zombie":14,"stat.craftItem.minecraft.dye":2,"stat.drop.minecraft.iron_ingot":1,"stat.pickup.iceandfire.chared_dirt":13,"stat.mineBlock.minecraft.gold_ore":1,"stat.mineBlock.minecraft.tallgrass":114,"stat.craftItem.minecraft.cooked_mutton":6,"stat.diveOneCm":27785,"stat.pickup.minecraft.cooked_mutton":2,"stat.chestOpened":8,"stat.pickup.minecraft.arrow":4,"stat.useItem.minecraft.chicken":7,"stat.useItem.iceandfire.silver_sword":6,"stat.useItem.minecraft.porkchop":12,"stat.pickup.minecraft.gold_nugget":375,"stat.useItem.minecraft.rotten_flesh":15,"stat.craftItem.travelersbackpack.backpack_tank":2,"stat.jump":4001,"stat.pickup.minecraft.coal":59,"stat.fallOneCm":108715,"stat.pickup.minecraft.iron_ingot":10,"stat.pickup.mutantbeasts.mutant_skeleton_shoulder_pad":2,"stat.pickup.mutantbeasts.mutant_skeleton_skull":1,"stat.useItem.minecraft.stone_axe":45,"stat.pickup.iceandfire.chared_gravel":6,"stat.pickup.minecraft.gunpowder":6,"stat.crouchOneCm":2411,"stat.pickup.iceandfire.chared_stone":2,"stat.pickup.minecraft.spider_eye":3,"stat.craftItem.minecraft.iron_ingot":50,"stat.craftItem.minecraft.chest":1,"stat.craftItem.minecraft.iron_helmet":1,"stat.pickup.minecraft.dirt":34,"stat.pickup.minecraft.melon":12,"stat.craftingTableInteraction":28,"stat.pickup.minecraft.iron_ore":58,"stat.pickup.iceandfire.silver_ore":2,"stat.pickup.minecraft.gold_ore":1,"stat.damageTaken":3944,"stat.pickup.minecraft.leather":33,"stat.pickup.minecraft.feather":22,"stat.mineBlock.minecraft.furnace":10,"stat.mineBlock.minecraft.red_flower":2,"stat.mineBlock.minecraft.melon_block":2,"stat.useItem.minecraft.wooden_pickaxe":16,"stat.useItem.minecraft.furnace":3,"stat.mineBlock.iceandfire.chared_cobblestone":12,"stat.pickup.iceandfire.dragonscales_red":8,"stat.pickup.minecraft.planks":1,"stat.killEntity.hippogryph":2,"stat.useItem.tombstone.grave_key":1,"stat.pickup.minecraft.wheat_seeds":20,"stat.pickup.minecraft.rabbit_hide":1,"stat.pickup.byg.angelica":1,"stat.useItem.minecraft.stone_pickaxe":34,"stat.craftItem.minecraft.iron_leggings":1,"stat.damageDealt":11892,"stat.craftItem.minecraft.glass":15,"stat.pickup.iceandfire.chared_grass":1,"stat.killEntity.Rabbit":1,"stat.killEntity.Cow":15,"stat.mineBlock.minecraft.dirt":26,"stat.useItem.minecraft.crafting_table":3,"stat.killEntity.Pig":7,"stat.mineBlock.iceandfire.chared_dirt":13,"stat.walkOneCm":295651,"stat.pickup.minecraft.stick":8,"stat.mineBlock.iceandfire.silver_ore":2,"stat.pickup.minecraft.crafting_table":8,"stat.useItem.minecraft.cobblestone":43,"stat.craftItem.minecraft.crafting_table":1,"stat.mineBlock.minecraft.double_plant":1,"stat.pickup.minecraft.log":26,"stat.useItem.minecraft.melon":12,"stat.craftItem.minecraft.gold_ingot":1,"stat.pickup.minecraft.stone":3,"stat.craftItem.minecraft.iron_chestplate":1,"stat.pickup.minecraft.chicken":13,"stat.pickup.minecraft.sapling":4,"stat.pickup.minecraft.cooked_beef":3,"stat.pickup.mutantbeasts.hulk_hammer":1,"stat.killEntity.Skeleton":1,"stat.craftItem.travelersbackpack.sleeping_bag_bottom":1,"stat.craftItem.spartanshields.shield_tower_wood":1,"stat.mineBlock.iceandfire.goldpile":71,"stat.mineBlock.minecraft.stonebrick":4,"stat.craftItem.minecraft.planks":44,"stat.killEntity.Chicken":8,"stat.killEntity.Spider":1,"stat.mobKills":99,"stat.useItem.minecraft.stonebrick":3,"stat.mineBlock.minecraft.log":24,"stat.pickup.minecraft.diamond":1,"stat.mineBlock.minecraft.leaves":36,"stat.pickup.minecraft.red_flower":3,"stat.pickup.mutantbeasts.mutant_skeleton_limb":7,"stat.mineBlock.minecraft.redstone_ore":1,"stat.sneakTime":1321,"stat.pickup.minecraft.wool":37,"stat.useItem.minecraft.wooden_axe":3,"stat.mineBlock.minecraft.stone":66,"stat.craftItem.spartanshields.shield_tower_iron":1}