{"stat.walkOneCm":51700,"stat.pickup.minecraft.bone":3,"stat.leaveGame":2,"stat.pickup.minecraft.arrow":2,"stat.mineBlock.minecraft.double_plant":1,"stat.talkedToVillager":1,"stat.jump":415,"stat.swimOneCm":4200,"stat.fallOneCm":6798,"stat.crouchOneCm":178,"stat.pickup.minecraft.dirt":20,"stat.useItem.minecraft.dirt":13,"stat.sprintOneCm":103550,"stat.useItem.minecraft.stone_slab2":3,"stat.entityKilledBy.mutantbeasts.mutant_skeleton":1,"stat.damageTaken":465,"stat.flyOneCm":76435,"stat.deaths":1,"stat.drop":1,"stat.playOneMinute":24124,"stat.drop.tombstone.grave_key":1,"stat.sneakTime":91,"stat.timeSinceDeath":10118,"stat.mineBlock.minecraft.dirt":20,"stat.mineBlock.minecraft.tallgrass":1,"stat.diveOneCm":760}