{"stat.chestOpened":1,"stat.drop.minecraft.stone_pickaxe":1,"stat.walkOneCm":95528,"stat.pickup.minecraft.bone":3,"stat.leaveGame":3,"stat.pickup.minecraft.arrow":2,"stat.pickup.minecraft.wooden_pressure_plate":1,"stat.pickup.minecraft.stone_pickaxe":1,"stat.furnaceInteraction":3,"stat.mineBlock.minecraft.double_plant":1,"stat.talkedToVillager":3,"stat.jump":598,"stat.swimOneCm":4200,"stat.pickup.minecraft.fence":1,"stat.fallOneCm":10953,"stat.pickup.minecraft.carrot":41,"stat.crouchOneCm":384,"stat.pickup.minecraft.dirt":20,"stat.useItem.minecraft.dirt":13,"stat.sprintOneCm":150572,"stat.useItem.minecraft.stone_slab2":5,"stat.pickup.minecraft.skull":1,"stat.drop.minecraft.bed":1,"stat.entityKilledBy.mutantbeasts.mutant_skeleton":1,"stat.damageTaken":555,"stat.useItem.minecraft.carrot":29,"stat.pickup.minecraft.planks":1,"stat.flyOneCm":114306,"stat.pickup.minecraft.bed":1,"stat.deaths":1,"stat.drop":3,"stat.pickup.minecraft.egg":2,"stat.playOneMinute":36461,"stat.drop.tombstone.grave_key":1,"stat.sneakTime":129,"stat.timeSinceDeath":22455,"stat.mineBlock.minecraft.dirt":20,"stat.mineBlock.minecraft.tallgrass":1,"stat.diveOneCm":760}