{"stat.drop.minecraft.stone_pickaxe":1,"stat.pickup.minecraft.bone":3,"stat.useItem.minecraft.iron_axe":5,"stat.leaveGame":7,"stat.pickup.minecraft.stone_pickaxe":1,"stat.craftItem.minecraft.iron_axe":1,"stat.swimOneCm":9448,"stat.pickup.minecraft.glowstone_dust":3,"stat.entityKilledBy.mutantbeasts.mutant_zombie":2,"stat.useItem.minecraft.dirt":16,"stat.useItem.minecraft.stone_slab2":12,"stat.pickup.minecraft.rotten_flesh":15,"stat.craftItem.minecraft.furnace":1,"stat.useItem.minecraft.egg":7,"stat.pickup.minecraft.cobblestone":3,"stat.flyOneCm":234954,"stat.killEntity.Villager":1,"stat.mineBlock.minecraft.iron_ore":4,"stat.timeSinceDeath":6934,"stat.pickup.minecraft.mutton":4,"stat.craftItem.minecraft.bed":1,"stat.useItem.minecraft.potato":9,"stat.useItem.tombstone.lollypop":1,"stat.furnaceInteraction":8,"stat.pickup.byg.whitesage":1,"stat.mineBlock.byg.rose":1,"stat.talkedToVillager":9,"stat.pickup.tombstone.crafting_ingredient":2,"stat.craftItem.minecraft.stone_slab2":0,"stat.sprintOneCm":330135,"stat.pickup.minecraft.skull":1,"stat.entityKilledBy.mutantbeasts.mutant_skeleton":1,"stat.mineBlock.byg.whitesage":1,"stat.mineBlock.minecraft.fence":1,"stat.useItem.minecraft.wheat_seeds":31,"stat.useItem.minecraft.carrot":39,"stat.deaths":4,"stat.drop":9,"stat.pickup.minecraft.egg":6,"stat.playOneMinute":78960,"stat.drop.tombstone.grave_key":1,"stat.killEntity.Sheep":3,"stat.pickup.tombstone.lollypop":3,"stat.killEntity.Zombie":5,"stat.mineBlock.minecraft.tallgrass":8,"stat.diveOneCm":760,"stat.pickup.minecraft.wheat":28,"stat.chestOpened":12,"stat.mineBlock.byg.oakleavesred":4,"stat.pickup.minecraft.arrow":2,"stat.pickup.minecraft.wooden_pressure_plate":1,"stat.jump":1257,"stat.pickup.minecraft.fence":2,"stat.fallOneCm":18705,"stat.pickup.minecraft.carrot":41,"stat.useItem.minecraft.stone_axe":32,"stat.craftItem.minecraft.bread":10,"stat.crouchOneCm":385,"stat.craftItem.minecraft.iron_ingot":6,"stat.craftItem.minecraft.chest":2,"stat.pickup.minecraft.dirt":27,"stat.drop.minecraft.bed":1,"stat.pickup.minecraft.iron_ore":4,"stat.craftingTableInteraction":11,"stat.damageTaken":1666,"stat.pickup.minecraft.planks":1,"stat.pickup.minecraft.bed":1,"stat.pickup.minecraft.wheat_seeds":54,"stat.pickup.minecraft.potato":25,"stat.useItem.minecraft.stone_pickaxe":9,"stat.damageDealt":1275,"stat.mineBlock.minecraft.dirt":28,"stat.pickup.minecraft.poisonous_potato":1,"stat.walkOneCm":249551,"stat.useItem.minecraft.bread":1,"stat.drop.tombstone.crafting_ingredient":4,"stat.mineBlock.minecraft.double_plant":1,"stat.pickup.minecraft.log":12,"stat.drop.minecraft.carrot":2,"stat.craftItem.minecraft.planks":56,"stat.mineBlock.minecraft.glowstone":1,"stat.mobKills":9,"stat.pickup.minecraft.book":18,"stat.mineBlock.minecraft.log":12,"stat.mineBlock.minecraft.bookshelf":6,"stat.mineBlock.minecraft.leaves":3,"stat.sneakTime":148,"stat.pickup.minecraft.wool":3,"stat.mineBlock.minecraft.stone":3}