{"stat.pickup.minecraft.bone":14,"stat.useItem.minecraft.iron_axe":34,"stat.leaveGame":9,"stat.mineBlock.minecraft.cobblestone":7,"stat.mineBlock.minecraft.yellow_flower":2,"stat.craftItem.minecraft.iron_axe":1,"stat.useItem.minecraft.mutton":7,"stat.swimOneCm":56572,"stat.craftItem.minecraft.shield":1,"stat.useItem.minecraft.planks":17,"stat.climbOneCm":1243,"stat.useItem.minecraft.dirt":151,"stat.useItem.minecraft.stone_slab2":22,"stat.pickup.minecraft.bow":1,"stat.mineBlock.byg.cattails":1,"stat.drop.minecraft.iron_sword":1,"stat.pickup.minecraft.rotten_flesh":36,"stat.craftItem.minecraft.furnace":6,"stat.useItem.minecraft.egg":2,"stat.craftItem.minecraft.iron_boots":1,"stat.craftItem.minecraft.stone_pickaxe":1,"stat.craftItem.minecraft.cooked_beef":6,"stat.pickup.minecraft.cobblestone":72,"stat.pickup.byg.salal_berry":6,"stat.flyOneCm":323688,"stat.useItem.minecraft.cooked_beef":6,"stat.mineBlock.minecraft.iron_ore":42,"stat.timeSinceDeath":24129,"stat.useItem.minecraft.spider_eye":1,"stat.useItem.minecraft.iron_pickaxe":134,"stat.craftItem.minecraft.wooden_pickaxe":1,"stat.pickup.minecraft.mutton":31,"stat.pickup.minecraft.double_plant":1,"stat.craftItem.minecraft.bed":1,"stat.useItem.tombstone.lollypop":5,"stat.furnaceInteraction":25,"stat.mineBlock.botania.flower":3,"stat.killEntity.ZombieVillager":2,"stat.mineBlock.minecraft.coal_ore":132,"stat.talkedToVillager":1,"stat.pickup.minecraft.string":5,"stat.pickup.minecraft.beef":12,"stat.useItem.minecraft.cooked_mutton":5,"stat.pickup.minecraft.furnace":10,"stat.pickup.tombstone.crafting_ingredient":28,"stat.entityKilledBy.Skeleton":3,"stat.craftItem.minecraft.stone_slab2":0,"stat.sprintOneCm":475370,"stat.craftItem.minecraft.stick":16,"stat.entityKilledBy.mutantbeasts.mutant_skeleton":1,"stat.mineBlock.minecraft.fence":3,"stat.mineBlock.minecraft.crafting_table":5,"stat.mineBlock.byg.enchantedleavesblue":8,"stat.pickup.botania.flower":3,"stat.entityKilledBy.Creeper":1,"stat.useItem.minecraft.beef":6,"stat.mineBlock.byg.enchantedleavespurple":7,"stat.mineBlock.minecraft.oak_stairs":5,"stat.deaths":12,"stat.mineBlock.minecraft.planks":13,"stat.drop":1,"stat.pickup.minecraft.egg":2,"stat.playOneMinute":164732,"stat.killEntity.Sheep":7,"stat.craftItem.minecraft.iron_pickaxe":1,"stat.pickup.minecraft.slime_ball":2,"stat.pickup.tombstone.lollypop":5,"stat.killEntity.Zombie":31,"stat.pickup.iceandfire.troll_weapon.trunk":1,"stat.pickup.byg.cattail":1,"stat.mineBlock.minecraft.tallgrass":46,"stat.craftItem.minecraft.cooked_mutton":5,"stat.diveOneCm":21938,"stat.chestOpened":8,"stat.mineBlock.byg.oakleavesred":16,"stat.pickup.minecraft.gravel":7,"stat.pickup.minecraft.arrow":9,"stat.pickup.minecraft.iron_sword":1,"stat.killEntity.Slime":3,"stat.pickup.minecraft.wooden_pressure_plate":2,"stat.useItem.minecraft.rotten_flesh":18,"stat.useItem.byg.salal_berry":6,"stat.jump":2625,"stat.pickup.minecraft.fence":3,"stat.pickup.minecraft.coal":286,"stat.fallOneCm":55366,"stat.pickup.minecraft.iron_ingot":4,"stat.pickup.minecraft.carrot":1,"stat.crouchOneCm":9124,"stat.pickup.iceandfire.pixie_dust":1,"stat.pickup.minecraft.spider_eye":2,"stat.craftItem.minecraft.torch":24,"stat.craftItem.minecraft.iron_ingot":35,"stat.craftItem.minecraft.chest":1,"stat.pickup.minecraft.dirt":141,"stat.craftItem.minecraft.iron_helmet":1,"stat.pickup.minecraft.red_mushroom":1,"stat.craftingTableInteraction":17,"stat.pickup.minecraft.iron_ore":48,"stat.mineBlock.minecraft.wooden_pressure_plate":2,"stat.useItem.minecraft.sapling":1,"stat.mineBlock.byg.enchantedlog":3,"stat.pickup.minecraft.leather":9,"stat.damageTaken":4653,"stat.useItem.iceandfire.troll_weapon.trunk":24,"stat.mineBlock.iceandfire.pixie_house":3,"stat.mineBlock.minecraft.torch":12,"stat.mineBlock.minecraft.furnace":10,"stat.useItem.minecraft.wooden_pickaxe":46,"stat.useItem.minecraft.furnace":12,"stat.pickup.minecraft.planks":24,"stat.pickup.minecraft.bed":1,"stat.useItem.tombstone.grave_key":1,"stat.pickup.minecraft.wheat_seeds":16,"stat.pickup.minecraft.oak_stairs":5,"stat.entityKilledBy.Zombie":2,"stat.useItem.minecraft.stone_pickaxe":126,"stat.pickup.waystones.waystone":1,"stat.craftItem.minecraft.iron_leggings":1,"stat.damageDealt":11928,"stat.useItem.minecraft.wool":3,"stat.sleepInBed":1,"stat.killEntity.if_pixie":2,"stat.killEntity.Cow":7,"stat.mineBlock.minecraft.dirt":23,"stat.craftItem.minecraft.iron_sword":2,"stat.walkOneCm":405369,"stat.useItem.minecraft.torch":33,"stat.useItem.minecraft.bread":3,"stat.pickup.minecraft.crafting_table":5,"stat.useItem.minecraft.cobblestone":21,"stat.craftItem.minecraft.crafting_table":1,"stat.mineBlock.minecraft.double_plant":1,"stat.pickup.minecraft.log":10,"stat.pickup.minecraft.stone":1,"stat.craftItem.minecraft.iron_chestplate":1,"stat.mineBlock.minecraft.wool":4,"stat.mineBlock.byg.salal_bush_ripe":3,"stat.pickup.minecraft.sapling":7,"stat.killEntity.Skeleton":9,"stat.craftItem.minecraft.planks":40,"stat.useItem.minecraft.iron_sword":184,"stat.killEntity.Chicken":1,"stat.killEntity.Spider":9,"stat.mineBlock.waystones.waystone":1,"stat.mobKills":73,"stat.pickup.minecraft.book":9,"stat.mineBlock.minecraft.log":8,"stat.mineBlock.minecraft.bookshelf":3,"stat.pickup.iceandfire.pixie_house":3,"stat.pickup.byg.enchantedlog":3,"stat.mineBlock.minecraft.leaves":4,"stat.pickup.minecraft.torch":13,"stat.pickup.byg.redoaksapling":1,"stat.sneakTime":2758,"stat.pickup.minecraft.wool":16,"stat.pickup.minecraft.yellow_flower":2,"stat.mineBlock.minecraft.stone":66}