{"stat.pickup.minecraft.bone":19,"stat.useItem.minecraft.iron_axe":66,"stat.leaveGame":9,"stat.mineBlock.minecraft.cobblestone":7,"stat.pickup.minecraft.flint":2,"stat.mineBlock.minecraft.yellow_flower":2,"stat.craftItem.minecraft.iron_axe":1,"stat.useItem.minecraft.mutton":7,"stat.swimOneCm":75168,"stat.craftItem.minecraft.shield":1,"stat.useItem.minecraft.planks":17,"stat.climbOneCm":1243,"stat.entityKilledBy.mutantbeasts.mutant_zombie":4,"stat.useItem.minecraft.dirt":151,"stat.useItem.minecraft.stone_slab2":33,"stat.pickup.minecraft.bow":1,"stat.mineBlock.byg.cattails":1,"stat.drop.minecraft.iron_sword":2,"stat.pickup.minecraft.rotten_flesh":85,"stat.craftItem.minecraft.furnace":7,"stat.useItem.minecraft.egg":6,"stat.craftItem.minecraft.iron_boots":1,"stat.craftItem.minecraft.stone_pickaxe":1,"stat.craftItem.minecraft.cooked_beef":6,"stat.pickup.minecraft.cobblestone":106,"stat.pickup.byg.salal_berry":8,"stat.flyOneCm":577867,"stat.useItem.minecraft.cooked_beef":6,"stat.mineBlock.minecraft.iron_ore":84,"stat.timeSinceDeath":4777,"stat.useItem.minecraft.spider_eye":1,"stat.useItem.minecraft.iron_pickaxe":242,"stat.craftItem.minecraft.wooden_pickaxe":1,"stat.pickup.minecraft.mutton":31,"stat.pickup.minecraft.double_plant":1,"stat.craftItem.minecraft.bed":1,"stat.useItem.tombstone.lollypop":6,"stat.furnaceInteraction":37,"stat.mineBlock.botania.flower":4,"stat.killEntity.ZombieVillager":3,"stat.pickup.iceandfire.rotten_egg":2,"stat.mineBlock.minecraft.coal_ore":176,"stat.killEntity.Creeper":1,"stat.talkedToVillager":1,"stat.pickup.minecraft.string":9,"stat.pickup.minecraft.beef":12,"stat.useItem.minecraft.cooked_mutton":18,"stat.pickup.minecraft.furnace":10,"stat.pickup.tombstone.crafting_ingredient":38,"stat.entityKilledBy.Skeleton":3,"stat.craftItem.minecraft.stone_slab2":0,"stat.sprintOneCm":695071,"stat.pickup.minecraft.skull":2,"stat.craftItem.minecraft.stick":28,"stat.entityKilledBy.mutantbeasts.mutant_skeleton":2,"stat.mineBlock.minecraft.fence":3,"stat.mineBlock.minecraft.crafting_table":5,"stat.useItem.minecraft.carrot":1,"stat.mineBlock.byg.enchantedleavesblue":8,"stat.pickup.botania.flower":4,"stat.entityKilledBy.Creeper":1,"stat.useItem.minecraft.beef":6,"stat.mineBlock.byg.enchantedleavespurple":7,"stat.mineBlock.minecraft.oak_stairs":5,"stat.deaths":19,"stat.mineBlock.minecraft.planks":13,"stat.drop":12,"stat.pickup.minecraft.egg":6,"stat.playOneMinute":225932,"stat.killEntity.Sheep":7,"stat.craftItem.minecraft.iron_pickaxe":2,"stat.pickup.minecraft.slime_ball":2,"stat.pickup.tombstone.lollypop":6,"stat.useItem.iceandfire.rotten_egg":1,"stat.killEntity.Zombie":41,"stat.pickup.iceandfire.troll_weapon.trunk":1,"stat.pickup.byg.cattail":1,"stat.mineBlock.minecraft.tallgrass":53,"stat.craftItem.minecraft.cooked_mutton":18,"stat.diveOneCm":32890,"stat.chestOpened":21,"stat.mineBlock.byg.oakleavesred":16,"stat.pickup.minecraft.gravel":10,"stat.pickup.minecraft.arrow":16,"stat.pickup.minecraft.iron_sword":2,"stat.killEntity.Slime":3,"stat.pickup.minecraft.wooden_pressure_plate":2,"stat.useItem.minecraft.rotten_flesh":19,"stat.useItem.byg.salal_berry":6,"stat.jump":3928,"stat.pickup.minecraft.fence":3,"stat.pickup.minecraft.coal":331,"stat.fallOneCm":76433,"stat.pickup.minecraft.iron_ingot":17,"stat.pickup.minecraft.carrot":5,"stat.pickup.minecraft.gunpowder":1,"stat.crouchOneCm":9789,"stat.pickup.iceandfire.pixie_dust":1,"stat.pickup.minecraft.spider_eye":3,"stat.craftItem.minecraft.torch":64,"stat.craftItem.minecraft.iron_ingot":57,"stat.craftItem.minecraft.chest":1,"stat.pickup.minecraft.dirt":168,"stat.craftItem.minecraft.iron_helmet":1,"stat.pickup.minecraft.red_mushroom":1,"stat.craftingTableInteraction":26,"stat.pickup.minecraft.iron_ore":90,"stat.mineBlock.minecraft.wooden_pressure_plate":2,"stat.useItem.minecraft.sapling":1,"stat.mineBlock.byg.enchantedlog":3,"stat.pickup.minecraft.leather":9,"stat.damageTaken":6875,"stat.useItem.iceandfire.troll_weapon.trunk":24,"stat.mineBlock.iceandfire.pixie_house":3,"stat.mineBlock.minecraft.torch":14,"stat.mineBlock.minecraft.furnace":10,"stat.useItem.minecraft.wooden_pickaxe":46,"stat.useItem.minecraft.furnace":12,"stat.pickup.minecraft.planks":24,"stat.pickup.minecraft.bed":2,"stat.useItem.tombstone.grave_key":1,"stat.pickup.minecraft.wheat_seeds":17,"stat.pickup.minecraft.oak_stairs":5,"stat.entityKilledBy.Zombie":3,"stat.mineBlock.minecraft.gravel":2,"stat.useItem.minecraft.stone_pickaxe":126,"stat.pickup.waystones.waystone":1,"stat.craftItem.minecraft.iron_leggings":1,"stat.damageDealt":16363,"stat.useItem.minecraft.wool":6,"stat.sleepInBed":2,"stat.killEntity.if_pixie":2,"stat.killEntity.Cow":7,"stat.mineBlock.minecraft.dirt":27,"stat.craftItem.minecraft.iron_sword":2,"stat.walkOneCm":537152,"stat.useItem.minecraft.torch":68,"stat.useItem.minecraft.bread":4,"stat.playerKills":1,"stat.drop.tombstone.crafting_ingredient":2,"stat.drop.minecraft.rotten_flesh":8,"stat.pickup.minecraft.crafting_table":6,"stat.useItem.minecraft.cobblestone":27,"stat.craftItem.minecraft.crafting_table":1,"stat.mineBlock.minecraft.double_plant":1,"stat.pickup.minecraft.log":34,"stat.pickup.minecraft.stone":3,"stat.craftItem.minecraft.iron_chestplate":2,"stat.mineBlock.minecraft.wool":4,"stat.mineBlock.byg.salal_bush_ripe":4,"stat.pickup.minecraft.sapling":7,"stat.entityKilledBy.Enderman":1,"stat.killEntity.Skeleton":13,"stat.craftItem.minecraft.planks":136,"stat.useItem.minecraft.iron_sword":277,"stat.killEntity.Chicken":1,"stat.killEntity.Spider":16,"stat.mineBlock.waystones.waystone":1,"stat.mobKills":97,"stat.pickup.minecraft.book":9,"stat.mineBlock.minecraft.log":32,"stat.mineBlock.minecraft.bookshelf":3,"stat.pickup.iceandfire.pixie_house":3,"stat.pickup.byg.enchantedlog":3,"stat.mineBlock.minecraft.leaves":9,"stat.pickup.minecraft.torch":17,"stat.pickup.byg.redoaksapling":1,"stat.sneakTime":3042,"stat.pickup.minecraft.wool":16,"stat.pickup.minecraft.yellow_flower":2,"stat.mineBlock.minecraft.stone":87}