{"stat.leaveGame":11,"stat.craftItem.minecraft.iron_axe":1,"stat.useItem.minecraft.mutton":7,"stat.craftItem.minecraft.shield":1,"stat.useItem.minecraft.planks":17,"stat.drop.minecraft.iron_sword":2,"stat.pickup.minecraft.rotten_flesh":85,"stat.pickup.byg.salal_berry":14,"stat.useItem.minecraft.spider_eye":1,"stat.useItem.minecraft.iron_pickaxe":242,"stat.craftItem.minecraft.wooden_pickaxe":1,"stat.pickup.minecraft.double_plant":1,"stat.craftItem.minecraft.bed":1,"stat.furnaceInteraction":37,"stat.mineBlock.botania.flower":4,"stat.killEntity.ZombieVillager":3,"stat.pickup.iceandfire.rotten_egg":2,"stat.pickup.minecraft.beef":12,"stat.useItem.minecraft.cooked_mutton":18,"stat.pickup.minecraft.furnace":10,"stat.useItem.minecraft.fence":2,"stat.pickup.minecraft.skull":2,"stat.entityKilledBy.mutantbeasts.mutant_skeleton":2,"stat.mineBlock.minecraft.fence":3,"stat.useItem.minecraft.beef":6,"stat.mineBlock.minecraft.oak_stairs":5,"stat.deaths":21,"stat.pickup.minecraft.egg":6,"stat.playOneMinute":236772,"stat.craftItem.minecraft.iron_pickaxe":2,"stat.pickup.tombstone.lollypop":7,"stat.mineBlock.minecraft.tallgrass":54,"stat.craftItem.minecraft.cooked_mutton":18,"stat.chestOpened":34,"stat.pickup.minecraft.arrow":16,"stat.pickup.minecraft.iron_sword":2,"stat.pickup.minecraft.wooden_pressure_plate":2,"stat.fallOneCm":80081,"stat.pickup.minecraft.carrot":5,"stat.crouchOneCm":9832,"stat.pickup.iceandfire.pixie_dust":1,"stat.craftItem.minecraft.iron_ingot":57,"stat.craftItem.minecraft.chest":4,"stat.pickup.minecraft.red_mushroom":1,"stat.craftingTableInteraction":32,"stat.mineBlock.minecraft.wooden_pressure_plate":2,"stat.useItem.minecraft.furnace":12,"stat.pickup.minecraft.planks":24,"stat.pickup.minecraft.wheat_seeds":17,"stat.mineBlock.minecraft.gravel":2,"stat.useItem.minecraft.stone_pickaxe":126,"stat.pickup.waystones.waystone":1,"stat.craftItem.minecraft.iron_leggings":2,"stat.useItem.minecraft.wool":6,"stat.mineBlock.minecraft.dirt":27,"stat.useItem.minecraft.torch":69,"stat.useItem.minecraft.bread":4,"stat.drop.tombstone.crafting_ingredient":2,"stat.drop.minecraft.rotten_flesh":8,"stat.pickup.minecraft.crafting_table":6,"stat.useItem.minecraft.cobblestone":27,"stat.craftItem.minecraft.crafting_table":1,"stat.mineBlock.minecraft.double_plant":1,"stat.pickup.minecraft.log":47,"stat.pickup.minecraft.sapling":7,"stat.entityKilledBy.Enderman":1,"stat.craftItem.minecraft.planks":188,"stat.useItem.minecraft.iron_sword":290,"stat.pickup.minecraft.book":12,"stat.mineBlock.minecraft.log":45,"stat.pickup.iceandfire.pixie_house":3,"stat.sneakTime":3083,"stat.pickup.minecraft.wool":17,"stat.pickup.minecraft.yellow_flower":2,"stat.pickup.minecraft.bone":19,"stat.useItem.minecraft.iron_axe":88,"stat.mineBlock.minecraft.cobblestone":7,"stat.pickup.minecraft.flint":2,"stat.mineBlock.minecraft.yellow_flower":2,"stat.swimOneCm":84181,"stat.climbOneCm":1243,"stat.entityKilledBy.mutantbeasts.mutant_zombie":4,"stat.useItem.minecraft.dirt":151,"stat.useItem.minecraft.stone_slab2":35,"stat.pickup.minecraft.bow":1,"stat.mineBlock.byg.cattails":1,"stat.craftItem.minecraft.furnace":7,"stat.entityKilledBy.mutantbeasts.mutant_enderman":1,"stat.useItem.minecraft.egg":6,"stat.craftItem.minecraft.iron_boots":2,"stat.craftItem.minecraft.stone_pickaxe":1,"stat.craftItem.minecraft.cooked_beef":6,"stat.pickup.minecraft.cobblestone":106,"stat.flyOneCm":623412,"stat.useItem.minecraft.cooked_beef":6,"stat.mineBlock.minecraft.iron_ore":84,"stat.timeSinceDeath":688,"stat.pickup.minecraft.mutton":31,"stat.useItem.tombstone.lollypop":7,"stat.mineBlock.minecraft.coal_ore":176,"stat.killEntity.Creeper":1,"stat.talkedToVillager":1,"stat.pickup.minecraft.string":11,"stat.pickup.tombstone.crafting_ingredient":38,"stat.entityKilledBy.Skeleton":3,"stat.craftItem.minecraft.stone_slab2":0,"stat.sprintOneCm":723178,"stat.craftItem.minecraft.stick":28,"stat.mineBlock.minecraft.crafting_table":5,"stat.useItem.minecraft.carrot":3,"stat.mineBlock.byg.enchantedleavesblue":8,"stat.pickup.botania.flower":4,"stat.entityKilledBy.Creeper":1,"stat.mineBlock.byg.enchantedleavespurple":7,"stat.mineBlock.minecraft.planks":13,"stat.drop":12,"stat.killEntity.Sheep":8,"stat.pickup.minecraft.slime_ball":2,"stat.useItem.iceandfire.rotten_egg":1,"stat.killEntity.Zombie":41,"stat.pickup.iceandfire.troll_weapon.trunk":1,"stat.pickup.byg.cattail":1,"stat.diveOneCm":32890,"stat.mineBlock.byg.oakleavesred":16,"stat.pickup.minecraft.gravel":10,"stat.killEntity.Slime":3,"stat.useItem.minecraft.rotten_flesh":19,"stat.useItem.byg.salal_berry":6,"stat.jump":4113,"stat.pickup.minecraft.fence":3,"stat.pickup.minecraft.coal":331,"stat.pickup.minecraft.iron_ingot":17,"stat.pickup.minecraft.gunpowder":1,"stat.pickup.minecraft.spider_eye":3,"stat.craftItem.minecraft.torch":64,"stat.pickup.minecraft.dirt":168,"stat.craftItem.minecraft.iron_helmet":1,"stat.pickup.minecraft.iron_ore":90,"stat.useItem.minecraft.sapling":6,"stat.mineBlock.byg.enchantedlog":3,"stat.pickup.minecraft.leather":9,"stat.damageTaken":7377,"stat.useItem.iceandfire.troll_weapon.trunk":24,"stat.mineBlock.iceandfire.pixie_house":3,"stat.mineBlock.minecraft.torch":14,"stat.mineBlock.minecraft.furnace":10,"stat.useItem.minecraft.wooden_pickaxe":46,"stat.pickup.minecraft.bed":2,"stat.useItem.tombstone.grave_key":1,"stat.pickup.minecraft.oak_stairs":5,"stat.entityKilledBy.Zombie":4,"stat.damageDealt":17280,"stat.sleepInBed":3,"stat.killEntity.if_pixie":2,"stat.killEntity.Cow":7,"stat.craftItem.minecraft.iron_sword":2,"stat.walkOneCm":556066,"stat.playerKills":1,"stat.useItem.minecraft.chest":2,"stat.pickup.minecraft.stone":3,"stat.craftItem.minecraft.iron_chestplate":2,"stat.mineBlock.minecraft.wool":4,"stat.mineBlock.byg.salal_bush_ripe":8,"stat.killEntity.Skeleton":13,"stat.killEntity.Chicken":1,"stat.killEntity.Spider":18,"stat.mineBlock.waystones.waystone":1,"stat.mobKills":100,"stat.mineBlock.minecraft.bookshelf":4,"stat.pickup.byg.enchantedlog":3,"stat.mineBlock.minecraft.leaves":12,"stat.pickup.minecraft.torch":17,"stat.pickup.byg.redoaksapling":1,"stat.mineBlock.minecraft.stone":87}