{"stat.walkOneCm":19326,"stat.leaveGame":4,"stat.useItem.minecraft.rotten_flesh":1,"stat.jump":141,"stat.swimOneCm":4623,"stat.fallOneCm":2325,"stat.crouchOneCm":1,"stat.pickup.minecraft.dirt":25,"stat.useItem.minecraft.dirt":20,"stat.sprintOneCm":19351,"stat.useItem.minecraft.stone_slab2":1,"stat.pickup.minecraft.rotten_flesh":1,"stat.damageTaken":350,"stat.mobKills":1,"stat.flyOneCm":14014,"stat.deaths":1,"stat.playOneMinute":11329,"stat.entityKilledBy.Zombie":1,"stat.sneakTime":122,"stat.pickup.minecraft.wool":3,"stat.damageDealt":260,"stat.useItem.minecraft.wool":1,"stat.killEntity.Zombie":1,"stat.timeSinceDeath":5547,"stat.mineBlock.minecraft.dirt":5,"stat.mineBlock.minecraft.tallgrass":3,"stat.diveOneCm":3213,"stat.pickup.minecraft.mutton":5}